year,month,date,financial services,gold and silver,merchandising,metals and minerals,oil and gas,paper and forest products,utilities
1956,1,1956-01-01,363.67,259.38,229.4,729.73,485.02,1013.23,914.11
1956,2,1956-02-01,372.15,255.35,236.23,758.44,515.96,1059.36,938.13
1956,3,1956-03-01,403.04,260.99,258.82,849.49,569.18,1131.37,917.96
1956,4,1956-04-01,391.9,253.71,247.2,864.67,560.76,1161.66,884.8
1956,5,1956-05-01,366.23,256.37,244.23,829.88,559.8,1086.84,875.14
1956,6,1956-06-01,367.53,253.32,245.59,864.79,601.08,1075.08,862.22
1956,7,1956-07-01,408.37,256.29,286.95,918.39,671.66,1109.59,906.89
1956,8,1956-08-01,395.8,247.76,279.37,900.65,654.44,1041.12,898.64
1956,9,1956-09-01,378.11,234.71,259.67,834.63,619.8,931.81,863.41
1956,10,1956-10-01,372.85,229.08,247.94,815.58,601.36,922.46,858
1956,11,1956-11-01,355.77,209.53,235.01,753.35,580.74,834.86,835.83
1956,12,1956-12-01,383.19,216.92,247.48,827.3,614.34,890.29,879.31
1957,1,1957-01-01,391.66,227.52,253.4,827.17,618.16,865.97,879.51
1957,2,1957-02-01,357.93,217.48,242.69,792.45,597.26,815.63,874.73
1957,3,1957-03-01,367.2,213.35,240.6,827.23,625.79,845.47,877.35
1957,4,1957-04-01,374.05,211.19,263.76,879.75,669.66,842.1,879.58
1957,5,1957-05-01,387.75,202.88,286.34,868.13,726.75,850.96,887.53
1957,6,1957-06-01,383,203.41,274.22,851.08,711.46,868.73,847.17
1957,7,1957-07-01,378.43,201.06,238.57,822.62,700.55,791.05,837.57
1957,8,1957-08-01,351.19,212.74,267.5,708.26,628.61,738.81,804.77
1957,9,1957-09-01,330.35,219.18,242.48,660.96,546.35,701.5,778.55
1957,10,1957-10-01,323.04,197.32,246.59,594.37,491.76,662.81,765.94
1957,11,1957-11-01,337.62,199.01,256.72,593.84,510.08,679.46,793.29
1957,12,1957-12-01,318.55,202.8,266.48,556.99,452.38,642.64,784.89
1958,1,1958-01-01,327.58,229.25,273,574.25,472.52,681.33,813.87
1958,2,1958-02-01,330.06,256.75,271.14,556.95,450.09,682.47,830.71
1958,3,1958-03-01,330.21,253.78,289.27,578.91,472.37,684.45,827.94
1958,4,1958-04-01,340.65,274.01,303.67,555.85,471.14,672.02,819.84
1958,5,1958-05-01,357.24,277.83,326.8,573.94,497.01,687.42,823.8
1958,6,1958-06-01,371.59,264.62,345.24,587.32,513.83,715.26,829.98
1958,7,1958-07-01,383.81,256.61,369.52,626.81,527.5,768.24,840.74
1958,8,1958-08-01,387.9,266.86,371.06,626.13,524.94,810.99,858.66
1958,9,1958-09-01,406.61,251.44,389.64,655.22,543.6,813.64,857.64
1958,10,1958-10-01,421.08,245.5,404.3,691.64,509.29,870.33,842.98
1958,11,1958-11-01,434.91,271.35,441.52,673.74,500.17,881.99,851.31
1958,12,1958-12-01,434.6,313.51,455.04,688.51,510.49,857.84,843.64
1959,1,1959-01-01,434.3,306.18,480.5,696.59,528.38,906.7,857.83
1959,2,1959-02-01,448.04,299.4,495.77,691.14,505.47,975.43,888.32
1959,3,1959-03-01,462.04,286.18,520.72,684.96,497.46,933.4,849.73
1959,4,1959-04-01,476.37,296.4,500.99,669.21,509.02,919.41,874.74
1959,5,1959-05-01,484.11,318.87,481.24,683.4,475.42,881.59,885.45
1959,6,1959-06-01,479.69,318.56,449.08,710.23,464.45,946.4,880.8
1959,7,1959-07-01,510.83,312.32,473.47,748.59,470.96,937.16,913.86
1959,8,1959-08-01,475.87,308.5,435.12,711.28,450.75,890.47,875.41
1959,9,1959-09-01,464.97,314.93,416.06,673.53,408.88,853.48,857.72
1959,10,1959-10-01,447.25,313.53,379.19,683.35,411.65,835.81,857.23
1959,11,1959-11-01,442.86,326.55,387.19,685.44,386.06,861.39,870.59
1959,12,1959-12-01,447.82,342.44,383.23,722.57,407.06,896.95,880.19
1960,1,1960-01-01,421.79,335.98,365.01,687.48,387.25,824.91,871.33
1960,2,1960-02-01,403.55,349.72,343.41,677.61,358.77,803.67,872.81
1960,3,1960-03-01,398.39,361.68,349.37,675.54,369.14,801.69,883.8
1960,4,1960-04-01,391.85,291.57,360.99,660.43,340.08,798.09,888.07
1960,5,1960-05-01,408.08,270.84,359.27,704.42,338.1,850.6,892.5
1960,6,1960-06-01,406.68,261.86,359.4,693.73,311.23,793.91,891.22
1960,7,1960-07-01,400.45,270.41,366.8,664.61,311.21,770.35,903.69
1960,8,1960-08-01,440.73,298.94,377.2,700.64,350.09,807.25,946.88
1960,9,1960-09-01,414.64,314.29,366.24,643.84,334.83,764.35,930.58
1960,10,1960-10-01,410.11,361.29,367.3,658.95,322.64,758.06,920.87
1960,11,1960-11-01,425.5,349.97,369.11,700.89,329.47,770.8,943.53
1960,12,1960-12-01,459.22,336.25,400.58,733.88,350.31,824.11,974.79
1961,1,1961-01-01,475.73,337.66,432.6,789.17,376.67,857.35,1004.25
1961,2,1961-02-01,485.46,305.54,428.68,805.05,410,913.14,1033.24
1961,3,1961-03-01,495.75,289.63,458.02,825.11,422.11,871.48,1002.52
1961,4,1961-04-01,504.57,304.39,478.67,892.24,433.54,861.65,1063.93
1961,5,1961-05-01,510.51,300.5,476.94,914.37,431.79,855.54,1107.36
1961,6,1961-06-01,522.45,302.4,486.69,928.79,407.14,941.88,1097.22
1961,7,1961-07-01,536.76,336.18,489.58,960.88,408.16,930.13,1102.17
1961,8,1961-08-01,548.64,355.01,505.35,953.59,427.38,950.39,1106.9
1961,9,1961-09-01,537.8,327.58,488.1,924.11,423.43,926.68,1120.33
1961,10,1961-10-01,552.86,336.71,480.1,916.81,427.97,941.1,1152.62
1961,11,1961-11-01,582.34,356.51,455.78,933.57,457.11,955.46,1177.56
1961,12,1961-12-01,587.48,340.93,469.38,974.93,474.04,950.62,1182.56
1962,1,1962-01-01,557.43,322.56,442.78,939.45,470,937.33,1155.82
1962,2,1962-02-01,561.18,321.34,451.41,914.27,479.34,1003.08,1160.45
1962,3,1962-03-01,556.9,310.57,445.57,924.04,460.63,1027.29,1152.55
1962,4,1962-04-01,543.09,314.26,432.67,898.89,435.68,1004.46,1126.51
1962,5,1962-05-01,495.72,345.5,400.87,808.73,403.03,947.45,1047.89
1962,6,1962-06-01,455.52,369.25,381.99,745.11,383.97,907.47,1010.49
1962,7,1962-07-01,445.21,355.96,376.44,795.28,394.15,903.41,1013.38
1962,8,1962-08-01,462.47,354.01,397.42,792.73,409.3,943.1,1041.95
1962,9,1962-09-01,453.24,344.09,375.3,722.4,411.24,897.21,992.72
1962,10,1962-10-01,471.25,331.92,374.4,733.89,408.56,890.84,987.27
1962,11,1962-11-01,513.17,321.02,417.47,818.26,412.68,934.74,1031.22
1962,12,1962-12-01,521.83,308.3,420.97,801.54,410.09,916.45,1071.15
1963,1,1963-01-01,533.17,350.71,433.33,855.9,416.47,1002.21,1104.88
1963,2,1963-02-01,506.78,346.73,417.95,802.44,404.65,994.73,1089.26
1963,3,1963-03-01,520.98,362.71,420.73,827.78,416.14,1029.32,1124.21
1963,4,1963-04-01,544.6,336.9,456.35,889.73,421.97,1089.9,1163.06
1963,5,1963-05-01,538.16,345.71,478.09,895.25,442.61,1089.75,1176.41
1963,6,1963-06-01,526.6,353.92,456.61,864.74,408.67,1052.43,1138.12
1963,7,1963-07-01,507.89,361.63,443.77,826.71,410.19,1036.87,1112.54
1963,8,1963-08-01,505.09,380.41,437.91,850.19,411.86,1038.22,1107.55
1963,9,1963-09-01,509.58,364.97,464.31,875.67,426.23,1086.14,1112.89
1963,10,1963-10-01,511.38,331.31,471.93,870.06,426.08,1114.7,1120.83
1963,11,1963-11-01,506.8,320.25,461.13,865.01,420.99,1108.4,1115.62
1963,12,1963-12-01,516.58,333.92,482.28,923.54,425.27,1152.58,1118.17
1964,1,1964-01-01,515.71,319.72,499.4,981.34,442.64,1178.72,1131.07
1964,2,1964-02-01,503.98,339.26,494.59,973.03,435.78,1179.07,1120.34
1964,3,1964-03-01,501.93,344.89,527.91,1040.77,460.35,1221.26,1092.26
1964,4,1964-04-01,518.83,338.02,544.23,1063.31,483.97,1307.29,1107.97
1964,5,1964-05-01,527.64,348.23,562.35,1074.89,504.54,1331.02,1169.41
1964,6,1964-06-01,524.29,341.59,561.27,1056.69,496.4,1342.89,1178.32
1964,7,1964-07-01,548.27,356.95,582.38,1062.94,506.44,1363.64,1195.95
1964,8,1964-08-01,546.21,353.84,582.93,1057.55,506.85,1375.92,1199.08
1964,9,1964-09-01,547.02,394.5,612.98,1139.88,514.02,1438.13,1209.73
1964,10,1964-10-01,549.22,399.15,622.21,1147.3,519.87,1428.21,1245.48
1964,11,1964-11-01,555.4,417.87,617.86,1161.78,519.52,1318.74,1281.14
1964,12,1964-12-01,552.32,485.33,610.67,1149.7,521.51,1343.51,1278.25
1965,1,1965-01-01,581.49,442.06,646.5,1201.57,552.14,1417.06,1328.08
1965,2,1965-02-01,573.43,459.05,647.79,1198.27,538.25,1412.51,1300.09
1965,3,1965-03-01,556.62,463,640.7,1194.55,542.27,1376.43,1281.44
1965,4,1965-04-01,561.18,442.94,642.39,1227.08,569.84,1390.43,1282.49
1965,5,1965-05-01,556.67,447.05,668.11,1254.47,556.1,1345.09,1286.29
1965,6,1965-06-01,515.18,431.33,630.78,1142.87,514.4,1254.45,1239.96
1965,7,1965-07-01,511.53,459.39,627.96,1144.23,507.84,1205.48,1235.66
1965,8,1965-08-01,517.89,461.8,657.93,1168.89,521.71,1191,1254.9
1965,9,1965-09-01,529.4,433.6,679.78,1214.98,519.49,1201.69,1272.13
1965,10,1965-10-01,519.62,434.01,701.07,1277.36,538.16,1128.53,1274.44
1965,11,1965-11-01,502.56,437.23,679.77,1245.51,530.93,1101.04,1247.84
1965,12,1965-12-01,527.9,427.1,688.26,1259.54,540.94,1142.75,1286.57
1966,1,1966-01-01,537.97,474.99,710.17,1347.6,572.39,1192.96,1338.14
1966,2,1966-02-01,512.31,466.44,692.8,1309.65,591.39,1208.57,1285.85
1966,3,1966-03-01,508.68,465.75,693.02,1318.17,567.51,1179.84,1254.58
1966,4,1966-04-01,504.34,458.41,693.6,1360.89,588.64,1166.41,1241.3
1966,5,1966-05-01,501.69,501.35,687.12,1277.6,559.13,1114.95,1215.67
1966,6,1966-06-01,489.9,504.29,696.43,1262.51,563.02,1127.89,1178.65
1966,7,1966-07-01,471.88,528.98,686.96,1263.43,565.37,1104.23,1166.19
1966,8,1966-08-01,449.4,474.39,638.27,1128.44,523.37,1046.18,1122.95
1966,9,1966-09-01,435.5,486.87,636.49,1104.33,536.22,1037.81,1050.94
1966,10,1966-10-01,447.97,430.27,627.75,1133.32,569.42,1059.01,1063.2
1966,11,1966-11-01,446.21,406.8,622.87,1119.67,593.28,1029.5,1058.86
1966,12,1966-12-01,442.87,455.83,637.06,1170.04,624.31,1007.2,1074.62
1967,1,1967-01-01,492.67,450.8,669.1,1227.19,656.32,1127.11,1114.57
1967,2,1967-02-01,507.46,444.23,681.05,1210.71,642.46,1171.99,1129.5
1967,3,1967-03-01,520.15,442.6,705.74,1242.58,679.82,1186.35,1165.88
1967,4,1967-04-01,537.18,446.53,723.16,1243.9,690.16,1176.47,1161.96
1967,5,1967-05-01,499.58,487.69,701.34,1222.58,666,1073.23,1142.41
1967,6,1967-06-01,501.28,500.39,738.37,1245.47,736.62,1067.01,1153.03
1967,7,1967-07-01,514.44,507.51,762.91,1302.96,796.11,1051,1162.73
1967,8,1967-08-01,508.82,471.45,790.68,1256.77,792.67,1034.28,1161.13
1967,9,1967-09-01,500.99,485.01,824.54,1344.12,832.69,1014.87,1142.76
1967,10,1967-10-01,445.19,474.3,826.09,1285.34,806.87,901.92,1090.04
1967,11,1967-11-01,474.12,524.94,825.97,1340.2,854.16,856.74,1120.62
1967,12,1967-12-01,485.58,593.79,877.02,1381.24,874.1,824.48,1104.43
1968,1,1968-01-01,486.98,645.89,886.37,1312.08,843.83,771.65,1120.37
1968,2,1968-02-01,465.4,748.92,852.35,1253.38,778.74,727.16,1044.76
1968,3,1968-03-01,460.58,610.44,844.45,1264.89,736.24,678.07,1043.45
1968,4,1968-04-01,532.67,635.23,955.16,1329.96,813.51,741.43,1074.3
1968,5,1968-05-01,529.68,675.67,975.35,1256.78,819.26,698.89,1060.14
1968,6,1968-06-01,577.59,649.84,1058.07,1258.68,868.66,831.82,1114.83
1968,7,1968-07-01,589.73,620.52,1068.2,1249.75,869.12,794.58,1100.49
1968,8,1968-08-01,602.1,635.69,1090.22,1253.76,949.41,817.83,1114.91
1968,9,1968-09-01,642.8,666.2,1056.63,1285.77,1015.33,915.63,1166.34
1968,10,1968-10-01,652.41,661.78,1062.11,1304.24,996.08,898.06,1187.2
1968,11,1968-11-01,726.39,697.85,1078.94,1308.15,1047.75,986.47,1227.16
1968,12,1968-12-01,763.04,726.68,1079.04,1352.71,1127.57,1010.23,1190.67
1969,1,1969-01-01,752.74,730.04,1042.4,1414.84,1191.25,1175.85,1148.81
1969,2,1969-02-01,716.43,769.55,1012.25,1344.88,1054.05,1140.91,1134.75
1969,3,1969-03-01,743.48,712.67,1006.73,1389.33,1134.85,1207.4,1172.3
1969,4,1969-04-01,748.74,733.13,1039.87,1421.88,1170.65,1303.48,1220.06
1969,5,1969-05-01,735.02,726.83,1029.06,1418.75,1408.63,1225.75,1242.43
1969,6,1969-06-01,676.9,623.87,919.52,1300.76,1169.74,1080.88,1153.01
1969,7,1969-07-01,637.07,511.08,864.44,1231.49,1054.39,1014.2,1113.19
1969,8,1969-08-01,676.21,541.45,865.27,1293.26,1164.41,1096.19,1123.55
1969,9,1969-09-01,693.54,567.75,886.93,1335.64,984.9,1117.18,1123.04
1969,10,1969-10-01,725.63,508.77,905.47,1406.24,903.07,1169.98,1082.27
1969,11,1969-11-01,774.53,491.68,964.71,1435.87,930.55,1191.93,1090.86
1969,12,1969-12-01,753.8,457.81,944.26,1451.38,908.64,1200.41,1060.85
1970,1,1970-01-01,703.29,469.73,929.71,1388,993.92,1107.09,999.26
1970,2,1970-02-01,745.53,461.88,892.84,1485.25,965.13,1147.11,1002.8
1970,3,1970-03-01,718.91,531.04,871.23,1482.77,941.09,1169.91,1031.67
1970,4,1970-04-01,690.74,460.13,781.97,1325.49,770.44,1063.54,1006.72
1970,5,1970-05-01,632.27,427.48,687.27,1203.97,666.61,919.8,958.87
1970,6,1970-06-01,639.63,467.05,681.79,1157.3,647.93,805.72,995.11
1970,7,1970-07-01,652.01,454.09,713.81,1172.89,774.35,857.43,1023.91
1970,8,1970-08-01,680.3,484.04,728.41,1194.43,820.3,863.44,1029.83
1970,9,1970-09-01,688.45,467.04,747.29,1235.43,913.37,848.53,1088.05
1970,10,1970-10-01,669.04,524.98,740.17,1204.17,881.05,790.83,1063.87
1970,11,1970-11-01,697.29,527.33,742.74,1250.81,955.03,811.38,1133.61
1970,12,1970-12-01,703.21,467.53,773.91,1257.37,949.89,907.15,1159.92
1971,1,1971-01-01,713.82,476.98,830.17,1303.04,968.49,914.68,1169.91
1971,2,1971-02-01,739.81,522.11,852.1,1258.86,988.31,888.83,1181.78
1971,3,1971-03-01,777.9,543.27,907.53,1297.86,1021.01,847.5,1210.33
1971,4,1971-04-01,791.95,524.71,944.47,1284.2,1069.37,858.66,1218.71
1971,5,1971-05-01,785.31,505.28,920.4,1190.17,1053.92,782.23,1158.9
1971,6,1971-06-01,813.63,487.57,1001.54,1176.65,1075.72,799.43,1183.58
1971,7,1971-07-01,824.24,543.14,1009.21,1093.71,1141.18,805.51,1176.56
1971,8,1971-08-01,831.25,483.25,1014.76,1054.88,1184.91,773.95,1144.5
1971,9,1971-09-01,861.05,487.95,1002.06,987.36,1180.94,735.88,1128.78
1971,10,1971-10-01,810.66,380.18,931.28,826.76,1078.88,644.76,1097.99
1971,11,1971-11-01,832.99,422.15,947.95,839.68,1043.42,650.86,1102.7
1971,12,1971-12-01,897.25,400.31,1044.43,996.34,1158.79,799.25,1159
1972,1,1972-01-01,1060.68,492.23,1110.15,1066.96,1232.8,856.25,1157.89
1972,2,1972-02-01,1069.37,501.51,1184.47,1123.53,1254.38,888.46,1146.62
1972,3,1972-03-01,1003.88,506.69,1130.6,1139.62,1249.59,798.07,1135.12
1972,4,1972-04-01,1061.15,516.71,1166.49,1119,1238.72,822.39,1116.78
1972,5,1972-05-01,1040.15,592.25,1208.05,1129.8,1272.48,890.15,1092.15
1972,6,1972-06-01,991.6,612.78,1211.02,1058.89,1307.63,856.64,1074.36
1972,7,1972-07-01,1066.49,615.25,1269.18,1033.65,1345.34,928.24,1070.17
1972,8,1972-08-01,1106.31,583.58,1355.01,1119.69,1433.04,978.39,1113.05
1972,9,1972-09-01,1077.94,546.4,1301.96,1114.13,1481.76,895.36,1055.01
1972,10,1972-10-01,1060.92,503.68,1270.95,1038.83,1466.96,865.71,1049.33
1972,11,1972-11-01,1133.24,507.69,1396.2,1045.3,1538.86,914.64,1089.66
1972,12,1972-12-01,1145.51,525.92,1446.71,1070.54,1642.85,982.63,1088.72
1973,1,1973-01-01,1122.48,597.76,1427.51,1182.28,1636.98,1068.03,1100.76
1973,2,1973-02-01,1121.86,669.33,1453.2,1228.6,1517.32,1124.18,1078.82
1973,3,1973-03-01,1107.34,665.78,1458.98,1229.72,1477.3,1176.38,1060.48
1973,4,1973-04-01,1083.53,750.75,1382.66,1179.59,1377.23,1126.56,1039.4
1973,5,1973-05-01,1033.7,760,1296.62,1162.91,1330.04,1066.46,1018.03
1973,6,1973-06-01,1008.95,854.26,1228.87,1174.76,1330.1,1116.71,1007.34
1973,7,1973-07-01,1067.92,856.27,1223.1,1325.82,1486.59,1214.84,988.65
1973,8,1973-08-01,1080.31,761.01,1150.22,1273.93,1476.64,1214.61,962.49
1973,9,1973-09-01,1111.16,763.53,1218.51,1379.34,1500.67,1432.64,982.3
1973,10,1973-10-01,1166.69,818.78,1279.85,1487.21,1556.46,1475.15,999.84
1973,11,1973-11-01,1058.92,951.3,1102.49,1275.52,1468.63,1239.2,961.83
1973,12,1973-12-01,1065.06,1079.5,1054.51,1346.27,1392.83,1265.39,962.17
1974,1,1974-01-01,1045.05,1520.81,1018.32,1364.6,1492.54,1162.59,985.62
1974,2,1974-02-01,1125.06,1507.87,1049.03,1394.31,1461.61,1260.52,1043.45
1974,3,1974-03-01,1088.29,1525.95,1077.34,1313.91,1432.86,1293.28,1038.36
1974,4,1974-04-01,990.13,1246.96,978.47,1186.29,1260.16,1161.19,977.9
1974,5,1974-05-01,956.41,1117.79,956.86,1051.23,1049.03,1144.01,954.08
1974,6,1974-06-01,910.5,1126.04,971.07,1034,1003.91,1113.15,946.45
1974,7,1974-07-01,933.78,1421.66,994.34,1111.06,1106.27,1165.85,975.5
1974,8,1974-08-01,809.82,1262.99,828,995.81,906.06,1020.69,957.94
1974,9,1974-09-01,819.88,928.72,756,869.17,790.39,952.23,935.62
1974,10,1974-10-01,850.44,1184.62,820.83,908.44,862.28,964.32,922.67
1974,11,1974-11-01,826.79,1104.87,824.08,825.89,723.98,1027.89,947.51
1974,12,1974-12-01,819.17,1069.35,807.25,789.46,710.45,918.31,964.51
1975,1,1975-01-01,968.75,999.75,999.89,913.7,935.19,1028.49,1047.66
1975,2,1975-02-01,1000.02,1137.61,1012.66,914.32,1003.85,991.41,1081.83
1975,3,1975-03-01,978.99,1162.88,1021.07,946.94,938.22,1002.04,1050.63
1975,4,1975-04-01,974.5,1055.1,1041.33,1038.65,1009.73,1010.33,1001.66
1975,5,1975-05-01,1014.65,1137.68,1048.82,1064.12,1030.1,1052.35,1010.82
1975,6,1975-06-01,1043.19,1163.85,1028.16,1093.07,1128.97,1067.32,1004.61
1975,7,1975-07-01,1051.98,1074.21,1066.49,1074.61,1059.16,1078.18,1001.7
1975,8,1975-08-01,1058.71,954.66,1046.98,1087.09,1030.84,1036.32,983.92
1975,9,1975-09-01,1018.7,862.02,961.43,1002.03,972.86,953.72,927.6
1975,10,1975-10-01,970.89,783.97,881.72,932.66,949.81,893.21,957.42
1975,11,1975-11-01,1002.02,682.7,971.97,974.96,1029.31,909.37,985
1975,12,1975-12-01,958.93,752.59,956.83,954.26,978.89,899.71,965.1
1976,1,1976-01-01,982.06,764.17,1011.44,1091,1071.8,1095.21,1026.88
1976,2,1976-02-01,1005.92,883.88,1067.29,1141.39,1099.7,1170.72,1025.5
1976,3,1976-03-01,938.61,825.51,998.87,1184.18,1091.92,1140.89,1000.67
1976,4,1976-04-01,963.92,874,994.56,1217.15,1118.05,1187.38,1027.85
1976,5,1976-05-01,971.26,845.2,990.01,1190.56,1181.35,1097.35,1065.88
1976,6,1976-06-01,916.02,804.94,970.17,1215.68,1138.04,1084.1,1048.93
1976,7,1976-07-01,945.49,736.4,906.49,1229.59,1087.02,1063.44,1060.88
1976,8,1976-08-01,964.1,680.57,904.49,1195.37,1080.28,1132.91,1108.13
1976,9,1976-09-01,965.51,722.63,877.03,1166.89,1007.17,1114.96,1113.78
1976,10,1976-10-01,924.43,765.07,845.45,1109.51,965.77,1066.13,1107.88
1976,11,1976-11-01,847.9,872.1,778.3,1012.2,950.5,937.9,1060.2
1976,12,1976-12-01,928.33,883.19,847.61,1099.91,1097.37,1013.28,1113.94
1977,1,1977-01-01,894.75,863.67,811.85,1195.54,1093.27,965.76,1096.29
1977,2,1977-02-01,902.86,1086.38,800.67,1122.22,1103.47,986.96,1130.22
1977,3,1977-03-01,885.42,1076.21,830.61,1159.52,1115.15,1040.2,1121.59
1977,4,1977-04-01,861.43,1011.89,814.41,1111.79,1095.96,980.88,1119.73
1977,5,1977-05-01,856.8,959.98,791.29,1044.88,1088.1,896.48,1164.11
1977,6,1977-06-01,934.48,996.14,820.31,1047.95,1190.31,906.48,1224.06
1977,7,1977-07-01,957.24,1089.96,814.9,991.68,1217.07,944.9,1229.91
1977,8,1977-08-01,930.3,1072.05,809.12,939.78,1169.08,915.86,1215.44
1977,9,1977-09-01,912.79,1174.89,811.61,892.77,1226.18,859.9,1223.99
1977,10,1977-10-01,894.69,1193.58,778.4,843.25,1217.8,831.12,1213.19
1977,11,1977-11-01,935.94,1236.98,852.43,809.84,1367.46,850.55,1278.38
1977,12,1977-12-01,967.17,1283.76,870.34,894.38,1489.34,890.21,1264.21
1978,1,1978-01-01,924.8,1371.83,840.66,810.78,1337.69,851.51,1211.65
1978,2,1978-02-01,956.93,1351.52,826.35,781.88,1311.22,862.52,1253.61
1978,3,1978-03-01,997.92,1315.68,888.74,889.9,1404.23,963.12,1260.01
1978,4,1978-04-01,1012.54,1216.88,924.28,915.88,1375.36,1028.65,1277.48
1978,5,1978-05-01,1086.78,1417.88,956.31,989.9,1350.58,1047.47,1333.28
1978,6,1978-06-01,1092.17,1411,991.74,934.7,1407,1031.81,1312.44
1978,7,1978-07-01,1121.15,1577.44,1057.74,992.11,1543.25,1142.74,1364.25
1978,8,1978-08-01,1142.28,1561.76,1108.57,1024.52,1613.19,1278.26,1392.04
1978,9,1978-09-01,1150.13,1662.82,1095.8,1114.49,1732.9,1344.41,1419.37
1978,10,1978-10-01,1143.71,1458.08,1026.79,1079.75,1469.57,1305.74,1385.38
1978,11,1978-11-01,1172.79,1249.28,1090.74,1056.7,1752.92,1323.13,1436.24
1978,12,1978-12-01,1187.01,1444.64,1089.76,1092.69,1846.21,1395.33,1451.63
1979,1,1979-01-01,1223.26,1511.76,1135.61,1214.44,1854.73,1404.59,1438.82
1979,2,1979-02-01,1195.84,1613.01,1175.68,1246.28,1983.7,1428.19,1452.85
1979,3,1979-03-01,1186.8,1581.35,1391.16,1292.79,2236.46,1451.65,1500.55
1979,4,1979-04-01,1210.4,1641.29,1331.97,1255.21,2256.76,1390.11,1546.79
1979,5,1979-05-01,1183.41,1848.01,1314.18,1256.73,2473.71,1430.27,1579.12
1979,6,1979-06-01,1200.14,1878.04,1341.72,1389.44,2862.26,1574.43,1558.9
1979,7,1979-07-01,1224.8,1758.72,1278.24,1314.87,2692.97,1566.01,1542.49
1979,8,1979-08-01,1244.83,1990.45,1340.65,1512.25,3018.6,1667.16,1573.2
1979,9,1979-09-01,1211.64,2260.07,1322.96,1608.73,3341.55,1604.13,1527.99
1979,10,1979-10-01,1084.13,1905.97,1190.75,1413.76,3140.17,1432.2,1425.19
1979,11,1979-11-01,1138.37,2143.62,1211.75,1511.86,3575.93,1384.37,1510.68
1979,12,1979-12-01,1187.17,2636.35,1260.11,1768.97,3745.12,1525.61,1522.06
1980,1,1980-01-01,1243.66,3058.54,1356.67,2181.85,4217.47,1870.21,1514.23
1980,2,1980-02-01,1197.7,3535.32,1395.28,2404,5155.88,1898.31,1495.88
1980,3,1980-03-01,1111.41,2776.76,1231.38,1830.53,3855.23,1583.57,1355.92
1980,4,1980-04-01,1153.96,2931.49,1232.85,1796.1,4234.3,1518.98,1466.92
1980,5,1980-05-01,1308.55,3231.23,1314.58,1840.86,4304.18,1619.37,1558.09
1980,6,1980-06-01,1335.2,4405.22,1328.57,1877.46,4755.49,1651.63,1598.67
1980,7,1980-07-01,1418.45,4724.21,1397.83,2098.37,4928.09,1817.84,1560.99
1980,8,1980-08-01,1408.42,5066.93,1415.57,2172.86,4676.11,1847.45,1540.98
1980,9,1980-09-01,1407.4,5931.13,1410.86,2375.29,4539.92,1844.29,1508.21
1980,10,1980-10-01,1420.05,5312.06,1425.53,2344.15,4367.59,1958.6,1518
1980,11,1980-11-01,1576.37,5417.5,1569.52,2463.61,4731,2249.65,1591.09
1980,12,1980-12-01,1530.81,4654.73,1540.5,2320.36,4357.86,2221.25,1554.11
1981,1,1981-01-01,1513.07,4055.91,1615.74,2172.5,4467.47,2142.97,1488
1981,2,1981-02-01,1500.05,3796.43,1597.15,2120.54,4276.14,2284.73,1486.99
1981,3,1981-03-01,1556.6,4287.7,1698.6,2372.84,4411.93,2763.5,1506.16
1981,4,1981-04-01,1489.87,4310.51,1737.96,2294.57,4434.29,2621.69,1486.07
1981,5,1981-05-01,1445.8,4449.19,1741.29,2350.95,4961.95,2652.89,1497.17
1981,6,1981-06-01,1393.91,3573.38,1709.66,2358.95,5140,2498.55,1472.08
1981,7,1981-07-01,1334.41,3819.08,1582.11,2291.56,4825,2403.74,1413.13
1981,8,1981-08-01,1315.75,4100.59,1530.51,2133.04,4797.42,2157.02,1375.73
1981,9,1981-09-01,1249.42,3423.59,1380.89,1901.79,3580.71,1823.09,1284.06
1981,10,1981-10-01,1283.9,3179.88,1425.45,1659.33,3582.61,1618.64,1336.76
1981,11,1981-11-01,1359.71,3201.54,1461.88,1926.59,3977.12,1754.65,1456.73
1981,12,1981-12-01,1337.26,2877.06,1450.51,1839.62,3697.16,1760.63,1427.3
1982,1,1982-01-01,1233.99,2558.85,1387.15,1682.18,3226.36,1625.1,1358.27
1982,2,1982-02-01,1187.25,2454.27,1364.04,1612.22,2801.64,1476.84,1350.64
1982,3,1982-03-01,1176.78,2198.68,1385.61,1463.34,2573.86,1395.76,1402.48
1982,4,1982-04-01,1087.3,2116.51,1367.05,1395.04,2669.28,1349.8,1458.33
1982,5,1982-05-01,1047.79,1933.73,1307.1,1334.12,2781.28,1294.3,1472.74
1982,6,1982-06-01,947.26,1607.95,1157.6,1206.7,2383.33,1176.36,1310.53
1982,7,1982-07-01,1006.88,1678.71,1215.83,1309.76,2390.86,1228.74,1285.92
1982,8,1982-08-01,1179.95,2344.89,1334.06,1500.83,2762.99,1399.94,1399.06
1982,9,1982-09-01,1127.54,2555.92,1442.39,1430.02,2740.92,1355.16,1430.13
1982,10,1982-10-01,1295.1,2754.68,1615.85,1601.13,2939.28,1382.88,1574.77
1982,11,1982-11-01,1420.8,3212.94,1621.42,1585.62,2800.57,1385.46,1668.09
1982,12,1982-12-01,1527.21,4217.62,1694.62,1857.27,2683.26,1496.16,1802.53
1983,1,1983-01-01,1463.08,5247.37,1783.81,2026.09,2774.79,1705.99,1681.68
1983,2,1983-02-01,1603.81,3833.17,1866.67,2026.66,2650.86,1811.78,1828.55
1983,3,1983-03-01,1766.64,3989.27,1954.28,2046.77,2770.77,1860.47,1851.26
1983,4,1983-04-01,1903.94,4346.37,2106.45,2141.52,3125.63,1948,2018.34
1983,5,1983-05-01,1894.7,4897.19,2126.07,2343.98,3458.74,2157.97,1940.16
1983,6,1983-06-01,1817.56,4550.09,2126.22,2295.71,3695.2,2110.29,1889.51
1983,7,1983-07-01,1819.62,4708.21,2149.75,2492.5,3830.87,2010.85,1882.68
1983,8,1983-08-01,1754.93,4901.77,2119.4,2593.42,3755.66,2017.61,2024.77
1983,9,1983-09-01,1818.96,4044.99,2174.89,2465.88,3710.82,2060.94,2064.98
1983,10,1983-10-01,1747.94,3487.26,2146.48,2217.28,3263.18,1965.79,2092.44
1983,11,1983-11-01,1781.82,4148.45,2274.37,2511.63,3486.37,2145.51,2270.41
1983,12,1983-12-01,1818.44,4161.43,2368.56,2491.77,3468.62,2199.33,2299.8
1984,1,1984-01-01,1815.23,3993.88,2221.24,2283.43,3342.33,2319.13,2203.47
1984,2,1984-02-01,1755.03,4565.22,2119.52,2214.48,3439.24,2202.3,2181.68
1984,3,1984-03-01,1590.46,4659.51,2150.7,2326.33,3450.8,2243.04,2081.38
1984,4,1984-04-01,1572.55,4213.45,2083.56,2085.24,3487.7,2247.27,2120.83
1984,5,1984-05-01,1517.08,4132.12,2011.06,1956.89,3315.98,1987.33,2058.65
1984,6,1984-06-01,1474.39,3909.52,1972.78,1862.4,3201.56,1945.33,2120.54
1984,7,1984-07-01,1474.87,3050.14,1954.45,1714.24,2853.66,1856.45,2218.11
1984,8,1984-08-01,1591.92,3527.58,2104.99,2019.36,3407,2025.51,2283.07
1984,9,1984-09-01,1617.62,3693.84,2100.15,1989,3521.09,1966.56,2204.63
1984,10,1984-10-01,1628.8,3450.97,2098.72,1926.38,3188.5,1998.11,2302.69
1984,11,1984-11-01,1680.81,3374.5,2033.41,1872.96,3094.47,1984.48,2408.38
1984,12,1984-12-01,1773.01,2921.15,2034.27,1931.97,2989.95,2031.93,2448.96
1985,1,1985-01-01,1864.29,3118.56,2235.75,2179.26,3127.14,2298.4,2556.25
1985,2,1985-02-01,1829.17,3090.86,2222.37,2075.28,3152.43,2221.04,2584.13
1985,3,1985-03-01,1761.4,3750.18,2188.4,2020.21,3479.77,2104.87,2664.54
1985,4,1985-04-01,1853.62,3733.92,2266.73,2010.64,3544.47,2053.11,2670.05
1985,5,1985-05-01,1950.69,3697.82,2477.17,1984.74,3452.99,2084.72,2906.31
1985,6,1985-06-01,2005.07,3647.66,2603.71,1897.74,3207.16,2049.4,2944.51
1985,7,1985-07-01,2015.32,4395.47,2700.83,2095.96,3189.27,2166.62,2867.51
1985,8,1985-08-01,2105.77,4691.34,2695.19,2115.37,3467.33,2080.59,2931.09
1985,9,1985-09-01,1963.53,4180.81,2619.49,1883.64,3258.25,1879.8,2768.07
1985,10,1985-10-01,2068.69,4141.76,2789.12,1740.82,3196.69,1942.23,2817.18
1985,11,1985-11-01,2227.66,4419.09,2961.38,1929.92,3443.2,2071.34,2927.79
1985,12,1985-12-01,2241.01,4449.09,3113.17,2079.42,3297.84,2350.31,2893.49
1986,1,1986-01-01,2134.43,4805.81,3193.99,2268.81,2998.36,2529.6,2656.32
1986,2,1986-02-01,2036.9,4426.93,3401.59,2250.05,2728.56,2840.32,2659.83
1986,3,1986-03-01,2246.34,4056.85,3659.35,2337.83,2795.75,3113.89,2753.43
1986,4,1986-04-01,2344.73,3926.33,3894.96,2117.51,2577.35,3251.63,2807.8
1986,5,1986-05-01,2326.16,3876.05,3902.56,2186.84,2713.53,3228.55,2761.67
1986,6,1986-06-01,2330.22,3986.52,3891.46,2106.26,2546.38,3271.32,2714.72
1986,7,1986-07-01,2208.02,4123.27,3730.47,1947.92,2336.18,3267.06,2686.04
1986,8,1986-08-01,2269.99,4650.65,3578.93,2044.88,2714.78,3340.53,2752.1
1986,9,1986-09-01,2236.73,4988.44,3359.06,2143.59,2697.06,3245.97,2677.69
1986,10,1986-10-01,2313.67,5082.63,3467.1,2098.95,2780.01,3479.13,2497.77
1986,11,1986-11-01,2319.59,5338.4,3510.67,2085.48,2799.61,3589.75,2636.59
1986,12,1986-12-01,2328.19,5305.82,3391.46,1972.07,3053.15,3660.83,2651.6
1987,1,1987-01-01,2586.35,6210.17,3433.92,2171.59,3414.72,4425.28,2785.49
1987,2,1987-02-01,2549.71,6872.66,3666.79,2432.61,3375.98,4766.31,2902.4
1987,3,1987-03-01,2580.18,8187.5,3898.4,2566.49,3929.31,5189.44,2968.43
1987,4,1987-04-01,2542.77,8908.78,3749.6,2699.5,3908.61,5040.62,2906.47
1987,5,1987-05-01,2472.88,8219.34,3777.64,2700.12,4183.58,4932.32,2937.25
1987,6,1987-06-01,2506.04,7850.4,3809.39,2778.22,4318.03,5080.18,2937.99
1987,7,1987-07-01,2561.3,9617.5,3885.59,3437.71,4675.45,5485.95,2844.93
1987,8,1987-08-01,2532.86,9787.22,3935.62,3188.04,4448.65,5512.09,2896.83
1987,9,1987-09-01,2382.86,10176.9,3716.75,3380.2,4349.94,5306.42,2769.42
1987,10,1987-10-01,1934.67,6611.07,2935.21,2345.03,3406.05,3749.63,2569.88
1987,11,1987-11-01,1904.7,7831.84,2882,2371.96,3127.18,3845.44,2536.2
1987,12,1987-12-01,2010.94,7530.35,3007.83,2687.99,3280.55,4371.73,2622.14
1988,1,1988-01-01,1984.82,5986.07,3146.95,2363.08,3400.83,4043.84,2652.34
1988,2,1988-02-01,2032.5,6035.74,3291.02,2589.03,3595.93,4268.33,2734.31
1988,3,1988-03-01,2101.33,6623.69,3486.42,2650.09,3815.63,4111.45,2700.15
1988,4,1988-04-01,2070.84,6641.84,3524.85,2783.41,3962.88,4067.84,2702.09
1988,5,1988-05-01,2080.65,6585.51,3455.07,2820.67,3734.19,3834.18,2696.58
1988,6,1988-06-01,2269.42,6515.15,3563.07,3128.91,3883.92,4200.35,2657.69
1988,7,1988-07-01,2273.26,6484.24,3618.39,3004.64,3843.32,3880.58,2633.94
1988,8,1988-08-01,2285.74,6142.57,3553.14,2871.47,3768.21,3700.46,2621.87
1988,9,1988-09-01,2356.51,5604.4,3611.46,2748.93,3599.47,3656.53,2641.83
1988,10,1988-10-01,2422.21,5738.5,3771.52,2907.94,3578.91,3832.78,2750.19
1988,11,1988-11-01,2373.9,5650.59,3603.72,2925.38,3419.75,3681.05,2713.46
1988,12,1988-12-01,2397.4,5434.57,3668.97,3253.35,4243.63,3386.87,2648.9
1989,1,1989-01-01,2515.01,5619.28,3870.3,3539.18,3858.02,4433.94,2631.69
1989,2,1989-02-01,2479.05,6129.78,3864.6,3387.06,3815.75,4273.43,2673.53
1989,3,1989-03-01,2550.42,5811.34,3957.58,3327.71,4020.03,4184.63,2658.88
1989,4,1989-04-01,2717.17,5478.5,3996.41,3371.22,4054.59,4096.83,2707.12
1989,5,1989-05-01,2809.79,5420.4,4209.28,3389.07,4067.38,4095.04,2783.41
1989,6,1989-06-01,2847.54,5803.17,4410.95,3278.08,4164.72,3958.56,2854.14
1989,7,1989-07-01,3040.68,6009.66,4591.83,3464.43,4227.06,4164.77,2950
1989,8,1989-08-01,2954.09,6230.25,4608.06,3911.69,4166.63,4386.86,2947.55
1989,9,1989-09-01,2871.13,6329.25,4669.49,3679.5,4322.85,4193.91,2919.66
1989,10,1989-10-01,2949.57,6488.35,4581.53,3461.9,4326.97,3872.17,2980.91
1989,11,1989-11-01,2961.07,7426.46,4480.36,3353.24,4236.94,3635.8,3096.8
1989,12,1989-12-01,2925.64,7225.85,4454.58,3354.18,4474.7,3758.18,3153.92
1990,1,1990-01-01,2603.25,7792.92,4029.65,3057.12,4231.68,3639.75,3024.96
1990,2,1990-02-01,2635.35,7236.98,4016.55,3010.87,4401.99,3704.5,2996.28
1990,3,1990-03-01,2588.37,6862.62,4059.97,3125.7,4245.4,3783.69,2897.07
1990,4,1990-04-01,2361.86,5932.84,3859.22,2907.54,3988.07,3347.33,2713.72
1990,5,1990-05-01,2544.35,6465.4,4036.69,3217.2,4147.78,3643.83,2812.76
1990,6,1990-06-01,2550.13,6074.53,3975.17,3208.54,4025.35,3695.2,2799.12
1990,7,1990-07-01,2596.41,6483.61,3989.94,3374.27,4221.99,3565.2,2691.95
1990,8,1990-08-01,2347.65,6473.61,3788.96,3046.71,4387.47,3272.96,2680.46
1990,9,1990-09-01,2104.73,6449.57,3539.11,2860.86,4542.42,3036.44,2548.78
1990,10,1990-10-01,2121.19,5460.59,3533.41,2606.99,4152.28,3010.79,2696.15
1990,11,1990-11-01,2225.2,5293.14,3665.72,2586.85,4016.35,2998.76,2814.88
1990,12,1990-12-01,2341.85,5764.82,3761.86,2739.73,3973.38,3117.94,2815.8
1991,1,1991-01-01,2516.42,4846.72,3936.76,2918.51,3709.27,3125.76,2846.6
1991,2,1991-02-01,2606.54,5217.27,4215.95,3114.02,3913.16,3415.42,2965.25
1991,3,1991-03-01,2701.4,5180.22,4421.41,3184.27,3879.97,3570.96,2944.65
1991,4,1991-04-01,2720.06,4911.43,4314.88,3095.41,3808.65,3455.59,2906.15
1991,5,1991-05-01,2773.69,5029.72,4329.49,3190.37,3723.45,3767.05,2995.18
1991,6,1991-06-01,2622.78,5300.38,4497.84,3175.24,3660.29,3675.08,2943.37
1991,7,1991-07-01,2705.86,5312.8,4482.86,3222.29,3708.97,3599.28,3094.61
1991,8,1991-08-01,2803.47,4694.12,4517.08,3081.75,3695.74,3451.53,3112.5
1991,9,1991-09-01,2730.79,4578.68,4182.08,2852.52,3609.33,3179.51,3062.83
1991,10,1991-10-01,2778.41,4994.4,4339.53,3038.01,3652.06,3277.8,3178.32
1991,11,1991-11-01,2807.7,5068.29,4060.55,2846.05,3419.63,3243.47,3286.74
1991,12,1991-12-01,2912.63,4942.12,4124.48,2954.99,3205.63,3254.51,3346.98
1992,1,1992-01-01,2898.36,4996,4057.42,3017.05,3186.15,3419.39,3399.89
1992,2,1992-02-01,2877.7,4862.01,4154.21,3096.02,3119.51,3367.98,3316.47
1992,3,1992-03-01,2658.8,4510.77,3997.41,2890.57,3006.75,3360.44,3200.52
1992,4,1992-04-01,2599.06,4357.65,3846.48,3015.72,3062.4,3280.57,3045.38
1992,5,1992-05-01,2569.52,4738.2,3833.66,3110.19,3298.76,3412.34,3086.4
1992,6,1992-06-01,2675.29,4891.45,3785.76,3167.82,3241.96,3386.75,3124.85
1992,7,1992-07-01,2794.1,5293.89,3776.48,3076.09,3298.22,3267.77,3231.02
1992,8,1992-08-01,2755.49,5340.48,3825.52,2949.71,3369.28,3177.68,3222.56
1992,9,1992-09-01,2565.04,5498.44,3701.55,2830.96,3458.69,3176.46,3051.63
1992,10,1992-10-01,2694.87,5359.37,3681,2772.11,3411.55,3046.27,3192.23
1992,11,1992-11-01,2555.46,4967.23,3611.91,2761.25,3356.01,3003.83,3107.33
1992,12,1992-12-01,2611.99,5250.06,3774.37,2814.84,3327.04,3130.21,3028.43
1993,1,1993-01-01,2439.22,5162.97,3572.71,2773.54,3387.82,3059.61,3133.92
1993,2,1993-02-01,2583.73,5756.66,3701.9,2908.11,3729.52,3329.42,3199.95
1993,3,1993-03-01,2654.04,6481.47,3910.17,2931.38,4030.57,3695.51,3169.78
1993,4,1993-04-01,2880.87,7625.91,4068.13,2870.67,4390.43,3895.37,3217.97
1993,5,1993-05-01,2940.9,8556.04,4058.83,2952.02,4584.53,3906.45,3243.04
1993,6,1993-06-01,2958.02,9315.43,4077.52,2978.43,5051.09,4033.74,3227.42
1993,7,1993-07-01,3054.18,10103.53,4038.38,2932.49,4556.78,3841.91,3252.88
1993,8,1993-08-01,3092.97,9585.23,4285.21,3109.19,5187.24,4113.85,3278.5
1993,9,1993-09-01,2993.17,8474.85,4214.43,2825.12,4999.41,3887.17,3317.13
1993,10,1993-10-01,3163.34,10027.66,4340.28,3080.71,4979.99,4094.3,3501.53
1993,11,1993-11-01,3166.8,10005.86,4407.42,3275.99,4339.13,4333.21,3466.05
1993,12,1993-12-01,3322.94,10698.96,4353.76,3514.94,4432.93,4434.14,3528.75
1994,1,1994-01-01,3587.86,10816.92,4125.7,3807.82,4610.86,4615.05,3660.47
1994,2,1994-02-01,3457.86,10303.9,4005.93,3661.93,4448.55,4731.79,3671.71
1994,3,1994-03-01,3183.16,10778.81,3921.57,3618.55,4466.38,4469.59,3621.01
1994,4,1994-04-01,3087.58,9517.88,3932.65,3479.64,4781.63,4311.61,3617.71
1994,5,1994-05-01,3125.04,10246.33,3849.57,3736.83,4804.09,4202.33,3590.5
1994,6,1994-06-01,2919.29,9539.59,3561.67,3569.93,4543.26,3932.3,3320.81
1994,7,1994-07-01,2966.35,9493.11,3591.35,3865.62,4710.7,4130.11,3380.5
1994,8,1994-08-01,3138.76,9884.62,3687.51,4093.8,4598.02,4544.78,3536.25
1994,9,1994-09-01,3054.22,10957.2,3657.39,4121.85,4556.72,4619.5,3547.71
1994,10,1994-10-01,3117.89,9985.32,3591.27,4197.63,4692.93,4397.97,3506.18
1994,11,1994-11-01,3127.42,8767,3442.83,3921.4,4263.03,4195.78,3423.98
1994,12,1994-12-01,3163.02,9586.36,3541.56,4153.46,4117.06,4512.37,3407.6
1995,1,1995-01-01,3072.16,8457.26,3484.71,3908.44,3905.6,4419.93,3262.28
1995,2,1995-02-01,3206.19,8915.9,3615.69,3869.62,4049.35,4598.14,3323.58
1995,3,1995-03-01,3180.97,10180.54,3719.79,4152.24,4374.92,4664.27,3335.69
1995,4,1995-04-01,3249.1,9909.38,3716.44,4097.19,4517.47,4492.1,3301.3
1995,5,1995-05-01,3339.77,10384.54,3873.76,4310.77,4618.09,4984.54,3322.28
1995,6,1995-06-01,3387.92,10495.21,4035.63,4464.5,4443.73,4945.66,3362.23
1995,7,1995-07-01,3304.74,10465.29,4210.01,4966.97,4496.1,5304.45,3319.38
1995,8,1995-08-01,3376.88,10432.05,4196.64,4856.3,4391.18,4861.9,3324.36
1995,9,1995-09-01,3421.05,10574.24,4208.23,4858.92,4436.5,4694.71,3377.09
1995,10,1995-10-01,3478.58,9281.41,4054.64,4825.1,4248.89,4736.89,3375.13
1995,11,1995-11-01,3588.97,10384,3804.69,5148.15,4476.87,4562.98,3399.09
1995,12,1995-12-01,3651.3,10413.61,3781.7,4913.87,4747.82,4305.06,3535.85
1996,1,1996-01-01,3848.91,12058.5,3849.43,5172.96,4768.24,4561.39,3653.04
1996,2,1996-02-01,3717.49,12465.92,3913.79,5146.35,4898.14,4068.93,3565.47
1996,3,1996-03-01,3759.49,12465.77,3955.77,5326.22,5067.24,4068.07,3589.13
1996,4,1996-04-01,3830.76,12348.23,4045.52,5493.1,5200.89,4415.09,3851.47
1996,5,1996-05-01,3970.66,13199.71,3977.01,5434.94,5236.82,4251.34,3914.13
1996,6,1996-06-01,3947.31,11057.99,4017.41,5116.05,5151,4217.22,3888.86
1996,7,1996-07-01,3994.46,11183.92,3874.92,4993.14,5094.2,4064.61,3936.44
1996,8,1996-08-01,4125.71,11727.2,4016.91,5260.58,5349.75,4384.36,3937.58
1996,9,1996-09-01,4532.43,11058.59,4342.81,4986.87,5554,4185.39,4111.22
1996,10,1996-10-01,5032.95,11057.41,4478.97,5160.5,5996.32,4467.42,4385.2
1996,11,1996-11-01,5596,11434.41,4804,5520.61,6498.94,4648.32,4694.64
1996,12,1996-12-01,5489.11,11302.64,4758.48,5248.81,6486.84,4629.54,4542.52
1997,1,1997-01-01,5693.03,10634.51,4804.39,5442.69,6927.89,4685.29,4626.43
1997,2,1997-02-01,6073.31,11543.44,5010.46,5632.86,6252.58,4872.18,4594.6
1997,3,1997-03-01,5858.87,9451.98,4908.03,5323.57,6320.54,4555.23,4497.35
1997,4,1997-04-01,6135.86,8790.35,5020.72,5248.99,6420.59,4967.13,4523.64
1997,5,1997-05-01,6556.46,9378.36,5408.21,5471.87,6970.84,5174.52,4964.13
1997,6,1997-06-01,6914.53,8306.18,5645.99,5126.54,6799.76,5163.99,5251.57
1997,7,1997-07-01,7460.71,8829.55,5995.75,5439.49,7074.22,5508.25,5660.03
1997,8,1997-08-01,7065.06,8200.8,5841.13,4921.46,7145.65,5103.07,5412.08
1997,9,1997-09-01,7804.96,9057.99,6130.56,4833.1,7658.88,5086.18,5663.02
1997,10,1997-10-01,8011.75,7555.9,5720.95,4188.27,7655.68,4580.01,5517.59
1997,11,1997-11-01,7945.84,5673.77,5612.38,3933.6,6625.6,3950.68,5819.19
1997,12,1997-12-01,8313.87,6378.87,5875.92,3802.52,6670.29,4039.49,6247.96
1998,1,1998-01-01,8205.4,6811.42,5534.51,4079.15,6364.35,4333.28,6141.42
1998,2,1998-02-01,9089.63,6479.38,5865.17,3996.29,6539.55,4469.28,6790.35
1998,3,1998-03-01,9630.54,6933.58,6130.06,4114.49,6573.14,4918.06,7730.41
1998,4,1998-04-01,9961.86,7476.47,6344.21,4208.47,6552.02,4978.08,7790.92
1998,5,1998-05-01,10091,6494.59,6444.9,3676.95,6176.16,4772.99,8361.15
1998,6,1998-06-01,9967.6,6078.51,6616.17,3568.04,6069.63,4368.37,7975.51
1998,7,1998-07-01,9414.41,5393.51,6191.38,3225.96,5580.91,4090.7,7607.21
1998,8,1998-08-01,6768.15,4228.88,4962.31,2500.1,4397.57,3181.21,6399.26
1998,9,1998-09-01,6678.99,6539.97,5129.01,2935.56,5245.97,3353.57,5834.53
1998,10,1998-10-01,7735.39,6716.7,5110.83,3095.77,5433.68,3569.36,6733.35
1998,11,1998-11-01,8195.85,6210.15,5342.08,3168.5,4804.9,3649.67,6920.09
1998,12,1998-12-01,8431.74,5921.27,5657.74,3068.86,4643.19,3562.94,7406.58
1999,1,1999-01-01,8612.78,5666.05,5497.81,3030.15,4419.03,3615.99,8183.54
1999,2,1999-02-01,8044.13,5326.05,5312.29,3034.15,4046.77,3495.7,7621.36
1999,3,1999-03-01,8200.49,5188.42,5615.5,3138.37,4979.31,3868.66,7922.03
1999,4,1999-04-01,8471.52,5918.76,5494.21,3814.16,5876.48,4410.55,7822.04
1999,5,1999-05-01,8031.52,4954.72,5477.92,3336.25,5540.36,4130.06,7929.2
1999,6,1999-06-01,7481.81,5269.63,5460.16,3800.97,5953.05,4854.41,8172.71
1999,7,1999-07-01,7355.47,5041.7,5316.94,3767.54,6370.63,5008.55,8270.75
1999,8,1999-08-01,7029.44,5177.43,5212.24,4049.47,6579.63,4962.71,7717.33
1999,9,1999-09-01,6701.56,6402.91,5071.15,3906.71,6254.34,4864.03,7860.14
1999,10,1999-10-01,7278.42,5512.86,4852.92,3900.66,6062.19,4975.64,9198.49
1999,11,1999-11-01,7335.1,5192.43,4870.93,3805.56,5723.2,4747.1,9974.12
1999,12,1999-12-01,7410.36,4875.33,5114.78,4474.82,5861.73,5236.84,12563.86
2000,1,2000-01-01,7081.33,4333.97,4632.81,4072.68,5785.82,5357.57,13811.64
2000,2,2000-02-01,7052.19,4222.76,4519.33,3490.39,5496.68,5161.34,14852.93
2000,3,2000-03-01,7565.13,3964.46,4463.73,3546.06,6216.2,5268.77,16567.23
2000,4,2000-04-01,7748.85,4206.46,4828.19,3470.99,6623.35,5942.44,15692.61
2000,5,2000-05-01,8418.77,4414.52,5158.33,3586.36,7603.25,5390.78,13994.12
2000,6,2000-06-01,8377.23,4457.98,5204.47,3329.79,7480.02,4943.71,14206.55
2000,7,2000-07-01,8529.08,3957.85,5268.02,3392.12,7029.32,4908.54,14247.19
2000,8,2000-08-01,9277.46,4084.65,5315.61,3634.96,7659.41,5424.86,14129.76
2000,9,2000-09-01,9805.2,4055.1,5454.3,3396.95,8025.44,4905.29,14529.05
2000,10,2000-10-01,10121.38,3671.1,5498.1,3528.29,7341.56,4730.95,15536.36
2000,11,2000-11-01,9842.6,4080.75,5534.08,3428.89,7531.05,4539.09,15237.06
2000,12,2000-12-01,10957.49,4340.66,5522.45,3746.88,8575.51,4827.69,15962.66
2001,1,2001-01-01,10855.79,4080.77,5500,3842.22,7981.85,4539.56,15997.09
2001,2,2001-02-01,10469.38,4359.85,5675.77,4099.27,8557.65,4534.47,14874.09
2001,3,2001-03-01,10257.91,4128.21,5620.85,3987.64,8709.4,4813.6,13329.21
2001,4,2001-04-01,9766.48,4639.3,5861.32,4701.53,9454.45,5107.12,13788.76
2001,5,2001-05-01,10620.01,4768.95,5914.12,4827.41,9664.72,5163.78,14051.69
2001,6,2001-06-01,10696.24,4536.53,5970.22,4395.12,8719.41,4735.7,14053.08
2001,7,2001-07-01,11044.66,4496.36,6207.92,4094.26,8804.47,4824.29,13541.77
2001,8,2001-08-01,11184.02,4829.92,6401.3,4075.36,8354.56,4923.43,12687.78
2001,9,2001-09-01,10484.32,5416.56,6021.85,3462.13,8302.68,4142.41,11297.28
2001,10,2001-10-01,9974.88,5037.16,5837.61,3567.27,9210.36,4100.33,11739.83
2001,11,2001-11-01,10792.62,4819.46,6258.99,4008.71,8695.32,4674.9,12140.69
2001,12,2001-12-01,10993.85,5076.01,6582.5,4160.11,9098.9,4949.92,11937.58
2002,1,2002-01-01,10825.26,5664.48,6658.01,4414.72,8958.97,5294.37,11582.82
2002,2,2002-02-01,10940.84,5972.52,7033.43,4661.16,9769.5,5670.18,11081.64
2002,3,2002-03-01,11413.78,6191.78,7579.14,4731.96,10456.29,5730.98,10005.74
2002,4,2002-04-01,11483.49,6503.02,7673.32,4502.47,10521.27,5682.71,9876.18
2002,5,2002-05-01,11512.34,7384.83,7947,4634.54,10414.12,5643.09,9931.7
2002,6,2002-06-01,10660.93,6373.09,7654.08,4531.4,10375.28,5850.83,9197.61
2002,7,2002-07-01,10108.28,5376.96,7089.77,3620.69,9906.24,5185.17,8816
2002,8,2002-08-01,10088.62,5996.94,7153.03,3586.91,10285.67,5030.26,9453.3
2002,9,2002-09-01,9367.83,6060.44,6730.9,3259.82,10327.69,4525.85,9526.86
2002,10,2002-10-01,9513.23,5430.39,6712.01,3644.29,9578.86,4470.85,9239.83
2002,11,2002-11-01,10354.67,5345.42,6615.73,3975.11,9485.9,5064.15,9675.65
2002,12,2002-12-01,10409.78,6404.74,6536.82,3890.29,10255.74,5003.53,9750.49
2003,1,2003-01-01,10211.45,6293.93,6324.23,3814.17,10290.16,4865.92,9870.59
2003,2,2003-02-01,10566.62,5740.86,6291.34,3722.56,10628.33,4836.14,9600.92
2003,3,2003-03-01,10368.68,5339.15,6136.32,3545.43,10216.22,4429.93,9323.01
2003,4,2003-04-01,10910.32,5146.13,6457.22,3511.06,9907.04,4320.4,9998.6
2003,5,2003-05-01,11017.13,5470.23,6797,3568.73,10645.14,4066.15,10586.34
2003,6,2003-06-01,11335.23,5548.85,6894.25,3655.4,10915.22,4111.14,11013.13
